Cửa hàng,Tỉnh/TP,Handle,Video tuần này,Link vinh danh
Quý robot,Phú thọ,@nc.nh.qu.robot,13,https://tuananh-din.github.io/tiktok-dealer-tracker/celebrate.html?dealer=nc.nh.qu.robot
SMARTHOME PHÚ THỌ,PHÚ THỌ,@phanthulan715,10,https://tuananh-din.github.io/tiktok-dealer-tracker/celebrate.html?dealer=phanthulan715
"BOT Home - Robot hút bụi, lau nhà Gia Lai",Gia Lai,@bothome_robotgialai,5,https://tuananh-din.github.io/tiktok-dealer-tracker/celebrate.html?dealer=bothome_robotgialai
Xiaomi Phú Thọ,"Số 05 Nguyễn Du, Nông Trang, Việt Trì, Phú Thọ",@xiaomi.phu.tho,5,https://tuananh-din.github.io/tiktok-dealer-tracker/celebrate.html?dealer=xiaomi.phu.tho
Mi Việt Nam,Thành phố Hồ Chí Minh,@mivietnam_chuyengiarobot,3,https://tuananh-din.github.io/tiktok-dealer-tracker/celebrate.html?dealer=mivietnam_chuyengiarobot
Bảo Khang TP,Daklak,@.hng0863,2,https://tuananh-din.github.io/tiktok-dealer-tracker/celebrate.html?dealer=.hng0863
Mi HD Store ( Ecomi.vn),Hải Dương,@ecomi.vn.roborock,2,https://tuananh-din.github.io/tiktok-dealer-tracker/celebrate.html?dealer=ecomi.vn.roborock
Mi Store Biên Hòa,Đồng Nai,@mistorebienhoa,2,https://tuananh-din.github.io/tiktok-dealer-tracker/celebrate.html?dealer=mistorebienhoa
Quý robot,Phú thọ,@quyrobot,2,https://tuananh-din.github.io/tiktok-dealer-tracker/celebrate.html?dealer=quyrobot
Roborock Store Buôn Ma Thuột,Buôn Ma Thuột,@thurobot88,2,https://tuananh-din.github.io/tiktok-dealer-tracker/celebrate.html?dealer=thurobot88
Bảo anh Robot Bình Dương,"Phú lợi, hồ chí minh",@tn.robot76,1,https://tuananh-din.github.io/tiktok-dealer-tracker/celebrate.html?dealer=tn.robot76
Cao Thiên Phát,Hồ Chí Minh,@caothienphat.official,1,https://tuananh-din.github.io/tiktok-dealer-tracker/celebrate.html?dealer=caothienphat.official
Công ty TNHH công nghệ 3T SMART,Thái nguyên,@3t.smart.robot.tn,1,https://tuananh-din.github.io/tiktok-dealer-tracker/celebrate.html?dealer=3t.smart.robot.tn
DANKE,Đà Nẵng,@longrobot_284,1,https://tuananh-din.github.io/tiktok-dealer-tracker/celebrate.html?dealer=longrobot_284
H&T Smart Home Đức Trọng,"Đức Trọng, Lâm Đồng",@robothutbuiductrong,1,https://tuananh-din.github.io/tiktok-dealer-tracker/celebrate.html?dealer=robothutbuiductrong
Homecare Digital,Đà Nẵng,@homecaredigital,1,https://tuananh-din.github.io/tiktok-dealer-tracker/celebrate.html?dealer=homecaredigital
Media Homes Nha Trang,Khánh Hoà,@homesmediant99,1,https://tuananh-din.github.io/tiktok-dealer-tracker/celebrate.html?dealer=homesmediant99
MoMimart,Hcm,@momimart.vn,1,https://tuananh-din.github.io/tiktok-dealer-tracker/celebrate.html?dealer=momimart.vn
Nhà đẹp bếp xinh,Hà tĩnh,@nhadepbepxinh.camxuyen,1,https://tuananh-din.github.io/tiktok-dealer-tracker/celebrate.html?dealer=nhadepbepxinh.camxuyen
Smart Life HD,Hải Dương,@roborock.smart.li,1,https://tuananh-din.github.io/tiktok-dealer-tracker/celebrate.html?dealer=roborock.smart.li
Thiết Bị Bếp An Hà Tĩnh,hà tĩnh,@thietbibepan,1,https://tuananh-din.github.io/tiktok-dealer-tracker/celebrate.html?dealer=thietbibepan
Thành Tấn,Lâm Đồng,@roborock.krng.n,1,https://tuananh-din.github.io/tiktok-dealer-tracker/celebrate.html?dealer=roborock.krng.n
TigerBot Smart Home,Vĩnh Long,@tigerbot.smarthome,1,https://tuananh-din.github.io/tiktok-dealer-tracker/celebrate.html?dealer=tigerbot.smarthome
Tâm Anh Kitchen,Tỉnh Quảng Trị,@tm.anh.kitchen.qu,1,https://tuananh-din.github.io/tiktok-dealer-tracker/celebrate.html?dealer=tm.anh.kitchen.qu
AHA STORE,Hà Nội,@kimanh_1202,0,https://tuananh-din.github.io/tiktok-dealer-tracker/celebrate.html?dealer=kimanh_1202
Anh Linh Group,Thanh Hóa,@anhlinhgroup_73,0,https://tuananh-din.github.io/tiktok-dealer-tracker/celebrate.html?dealer=anhlinhgroup_73
Bếp Phú thái,Thanh hóa,@bepphuthai,0,https://tuananh-din.github.io/tiktok-dealer-tracker/celebrate.html?dealer=bepphuthai
Clickbuy,Hà Nội,@clickbuy.vn,0,https://tuananh-din.github.io/tiktok-dealer-tracker/celebrate.html?dealer=clickbuy.vn
Công ty TNHH Sài Gòn Bếp,Thành phố Hồ Chí Minh,@saigonbephcm,0,https://tuananh-din.github.io/tiktok-dealer-tracker/celebrate.html?dealer=saigonbephcm
DOMOTEK,HỒ CHÍ MINH,@domotekvietnam,0,https://tuananh-din.github.io/tiktok-dealer-tracker/celebrate.html?dealer=domotekvietnam
Gia Dụng Thuỳ Dương,Bắc Ninh,@thuyduonggiadung,0,https://tuananh-din.github.io/tiktok-dealer-tracker/celebrate.html?dealer=thuyduonggiadung
GIANG CHI SMARTHOME,HỒ CHÍ MINH,@giangchismarthome,0,https://tuananh-din.github.io/tiktok-dealer-tracker/celebrate.html?dealer=giangchismarthome
Giho smarthome,Quảng Ngãi,@thietbithongminh8,0,https://tuananh-din.github.io/tiktok-dealer-tracker/celebrate.html?dealer=thietbithongminh8
Hatechz Quảng Bình - Robot hút bụi,Tỉnh Quảng Trị,@hatechz,0,https://tuananh-din.github.io/tiktok-dealer-tracker/celebrate.html?dealer=hatechz
Hiệp Hồng TechHome,Hà Nội,@hiephong.techhome,0,https://tuananh-din.github.io/tiktok-dealer-tracker/celebrate.html?dealer=hiephong.techhome
Homebot Vietnam,Biên Hoà Đồng Nai,@homebotvietnam,0,https://tuananh-din.github.io/tiktok-dealer-tracker/celebrate.html?dealer=homebotvietnam
Khánh Vy Home,Hồ Chí Minh,@khanhvyhomecare,0,https://tuananh-din.github.io/tiktok-dealer-tracker/celebrate.html?dealer=khanhvyhomecare
Mi360,HCM,@mi360vn,0,https://tuananh-din.github.io/tiktok-dealer-tracker/celebrate.html?dealer=mi360vn
MINH CHÂU SMARTHOME,Bắc Ninh,@minhchautestthat,0,https://tuananh-din.github.io/tiktok-dealer-tracker/celebrate.html?dealer=minhchautestthat
Ngô Hoàng điện máy,tp Hồ Chí Minh,@ngohoangtphcm,0,https://tuananh-din.github.io/tiktok-dealer-tracker/celebrate.html?dealer=ngohoangtphcm
NPP Đức Phan,Quảng Ngãi,@ducphandrnatro,0,https://tuananh-din.github.io/tiktok-dealer-tracker/celebrate.html?dealer=ducphandrnatro
Roborock Authorized - Home365 Thanh Hóa,Thanh Hóa,@roborockthanhhoa,0,https://tuananh-din.github.io/tiktok-dealer-tracker/celebrate.html?dealer=roborockthanhhoa
T-tech,Ninh Bình,@t_tech.ninhbinh,0,https://tuananh-din.github.io/tiktok-dealer-tracker/celebrate.html?dealer=t_tech.ninhbinh
TRUSTLINK VN,HCM,@trustlink.vn,0,https://tuananh-din.github.io/tiktok-dealer-tracker/celebrate.html?dealer=trustlink.vn
Vua Robot,Lạng Sơn,@vuarobotvietnam,0,https://tuananh-din.github.io/tiktok-dealer-tracker/celebrate.html?dealer=vuarobotvietnam
Xiaomi Bắc Ninh,Bắc Ninh,@tongkhorobot,0,https://tuananh-din.github.io/tiktok-dealer-tracker/celebrate.html?dealer=tongkhorobot
Xiaomi Tiền Giang,Đồng Tháp,@xiaomitiengiang.vn,0,https://tuananh-din.github.io/tiktok-dealer-tracker/celebrate.html?dealer=xiaomitiengiang.vn
Điện Máy Huy Thiềm,Hải Phòng,@xhat.tr98,0,https://tuananh-din.github.io/tiktok-dealer-tracker/celebrate.html?dealer=xhat.tr98
Điện máy Phú Hương,Đắk Lắk,@in.my.ph.hng7,0,https://tuananh-din.github.io/tiktok-dealer-tracker/celebrate.html?dealer=in.my.ph.hng7
Điện máy Van Khích,Đăk Lăk,@dienmayvankhich47,0,https://tuananh-din.github.io/tiktok-dealer-tracker/celebrate.html?dealer=dienmayvankhich47
